product_family,product_id
Spindle Components,CNC-SPIN-001
Spindle Components,CNC-SPIN-002
Spindle Components,CNC-SPIN-003
Spindle Components,CNC-SPIN-004
Spindle Components,CNC-SPIN-005
Spindle Components,CNC-SPIN-006
Spindle Components,CNC-SPIN-007
Spindle Components,CNC-SPIN-008
Spindle Components,CNC-SPIN-009
Spindle Components,CNC-SPIN-010
Spindle Components,CNC-SPIN-011
Spindle Components,CNC-SPIN-012
Spindle Components,CNC-SPIN-013
Spindle Components,CNC-SPIN-014
Spindle Components,CNC-SPIN-015
Spindle Components,CNC-SPIN-016
Spindle Components,CNC-SPIN-017
Spindle Components,CNC-SPIN-018
Spindle Components,CNC-SPIN-019
Spindle Components,CNC-SPIN-020
Spindle Components,CNC-SPIN-021
Spindle Components,CNC-SPIN-022
Spindle Components,CNC-SPIN-023
Spindle Components,CNC-SPIN-024
Spindle Components,CNC-SPIN-025
Tool Holders,CNC-TOOL-001
Tool Holders,CNC-TOOL-002
Tool Holders,CNC-TOOL-003
Tool Holders,CNC-TOOL-004
Tool Holders,CNC-TOOL-005
Tool Holders,CNC-TOOL-006
Tool Holders,CNC-TOOL-007
Tool Holders,CNC-TOOL-008
Tool Holders,CNC-TOOL-009
Tool Holders,CNC-TOOL-010
Tool Holders,CNC-TOOL-011
Tool Holders,CNC-TOOL-012
Tool Holders,CNC-TOOL-013
Tool Holders,CNC-TOOL-014
Tool Holders,CNC-TOOL-015
Tool Holders,CNC-TOOL-016
Tool Holders,CNC-TOOL-017
Tool Holders,CNC-TOOL-018
Tool Holders,CNC-TOOL-019
Tool Holders,CNC-TOOL-020
Tool Holders,CNC-TOOL-021
Tool Holders,CNC-TOOL-022
Tool Holders,CNC-TOOL-023
Tool Holders,CNC-TOOL-024
Tool Holders,CNC-TOOL-025
Control Systems,CNC-CTRL-001
Control Systems,CNC-CTRL-002
Control Systems,CNC-CTRL-003
Control Systems,CNC-CTRL-004
Control Systems,CNC-CTRL-005
Control Systems,CNC-CTRL-006
Control Systems,CNC-CTRL-007
Control Systems,CNC-CTRL-008
Control Systems,CNC-CTRL-009
Control Systems,CNC-CTRL-010
Control Systems,CNC-CTRL-011
Control Systems,CNC-CTRL-012
Control Systems,CNC-CTRL-013
Control Systems,CNC-CTRL-014
Control Systems,CNC-CTRL-015
Control Systems,CNC-CTRL-016
Control Systems,CNC-CTRL-017
Control Systems,CNC-CTRL-018
Control Systems,CNC-CTRL-019
Control Systems,CNC-CTRL-020
Control Systems,CNC-CTRL-021
Control Systems,CNC-CTRL-022
Control Systems,CNC-CTRL-023
Control Systems,CNC-CTRL-024
Control Systems,CNC-CTRL-025
Drive Systems,CNC-DRIVE-001
Drive Systems,CNC-DRIVE-002
Drive Systems,CNC-DRIVE-003
Drive Systems,CNC-DRIVE-004
Drive Systems,CNC-DRIVE-005
Drive Systems,CNC-DRIVE-006
Drive Systems,CNC-DRIVE-007
Drive Systems,CNC-DRIVE-008
Drive Systems,CNC-DRIVE-009
Drive Systems,CNC-DRIVE-010
Drive Systems,CNC-DRIVE-011
Drive Systems,CNC-DRIVE-012
Drive Systems,CNC-DRIVE-013
Drive Systems,CNC-DRIVE-014
Drive Systems,CNC-DRIVE-015
Drive Systems,CNC-DRIVE-016
Drive Systems,CNC-DRIVE-017
Drive Systems,CNC-DRIVE-018
Drive Systems,CNC-DRIVE-019
Drive Systems,CNC-DRIVE-020
Drive Systems,CNC-DRIVE-021
Drive Systems,CNC-DRIVE-022
Drive Systems,CNC-DRIVE-023
Drive Systems,CNC-DRIVE-024
Drive Systems,CNC-DRIVE-025
